"url","D(b)h(0) image","D(b)h(0) image_alt","D(b)h(0) image_link","Fw(b)tt(c) value","C(#959595) value","Desktop link","Desktop link_link","Fw(b)mt(d(b) number","Fw(b)mt(d(b) number_link","Td(n)o(n):f link","Td(n)o(n):f link_link","M(0)fz(14px) description"
"https://www.yahoo.com/","https://s.yimg.com/uu/api/res/1.2/Sa4NHjeKfGjQsn7FWSKN3w--/Zmk9c3RyaW07aD0xMjM7cHlvZmY9MDtxPTgwO3c9MjIwO3NtPTE7YXBwaWQ9eXRhY2h5b24-/http://media.zenfs.com/en-GB/homerun/snappa.uknews/ffa4fd1386cd0f5c0dd8255142f000e4","The Obamas have found their new family home and it ain't too shabby","https://uk.yahoo.com/news/obamas-found-family-home-aint-181150316.html","news","SNAPPA News","191Comments. Click to view comments","https://uk.yahoo.com/news/obamas-found-family-home-aint-181150316.html","191","https://uk.yahoo.com/news/obamas-found-family-home-aint-181150316.html","The Obamas have found their new family home and it ain't too shabby","https://uk.yahoo.com/news/obamas-found-family-home-aint-181150316.html","Hopefully this should soften the blow."
"https://www.yahoo.com/","https://s.yimg.com/uu/api/res/1.2/la.6iSPtgkzk_f1sLdVxeg--/Zmk9c3RyaW07aD0xMjM7cHlvZmY9MDtxPTgwO3c9MjIwO3NtPTE7YXBwaWQ9eXRhY2h5b24-/http://media.zenfs.com/en/homerun/feed_manager_auto_publish_494/6e1788d1f6d7eb08ee8f3d49b70d04cc","Apprentice candidate accused of ‘horrendous racism’ in latest episode","https://uk.yahoo.com/news/apprentice-candidate-accused-of-horrendous-165934622.html","news","Amy Nickell","272Comments. Click to view comments","https://uk.yahoo.com/news/apprentice-candidate-accused-of-horrendous-165934622.html","272","https://uk.yahoo.com/news/apprentice-candidate-accused-of-horrendous-165934622.html","Apprentice candidate accused of ‘horrendous racism’ in latest episode","https://uk.yahoo.com/news/apprentice-candidate-accused-of-horrendous-165934622.html","An Apprentice candidate has been accused of ‘horrendous racism’ following last night’s episode."
"https://www.yahoo.com/","https://s.yimg.com/g/images/spaceball.gif","Dennis in battle over £1.6bn Chinese takeover bid for McLaren","https://uk.yahoo.com/news/dennis-battle-over-1-6bn-182000685.html","news","Sky News","","","","","Dennis in battle over £1.6bn Chinese takeover bid for McLaren","https://uk.yahoo.com/news/dennis-battle-over-1-6bn-182000685.html","A consortium of Chinese investors has tabled a £1.65bn takeover bid for McLaren, the British automotive group which owns the eponymous Formula One (F1) team, sparking a battle over the future of Ron Dennis, its long-serving boss. Sky News has learnt that Mr Dennis presented the offer for McLaren from a group of unidentified investors ‎last week, a move which prompted his fellow shareholders to launch a plot to oust him as chief executive. Sources said that Mr Dennis‎ was in the High Court on Thursday and Friday in an attempt to secure an injunction against a move to place him on gardening leave until his contract expires in mid-January."
"https://www.yahoo.com/","https://s.yimg.com/g/images/spaceball.gif","Trump weighs cabinet picks and 'amended' Obamacare","https://uk.yahoo.com/news/shakeup-vp-elect-pence-head-trump-transition-team-194131235.html","news","AFP","","","","","Trump weighs cabinet picks and 'amended' Obamacare","https://uk.yahoo.com/news/shakeup-vp-elect-pence-head-trump-transition-team-194131235.html","Donald Trump is to huddle Saturday with his White House transition team for a second day over cabinet picks as the president-elect says he is open to keeping parts of President Barack Obama's signature healthcare law."
"https://www.yahoo.com/","https://s.yimg.com/g/images/spaceball.gif","Little Mix forced to develop 'thick skin' after criticism over looks","https://uk.yahoo.com/news/little-mix-forced-develop-thick-070107560.html","news","SNAPPA Celebrity","","","","","Little Mix forced to develop 'thick skin' after criticism over looks","https://uk.yahoo.com/news/little-mix-forced-develop-thick-070107560.html","The group also revealed they were planning on building a new band with their offspring."
"https://www.yahoo.com/","https://s.yimg.com/g/images/spaceball.gif","X Factor’s Honey G ‘killed’ by online hoax","https://uk.yahoo.com/news/x-factors-honey-g-killed-by-online-hoax-111251407.html","news","Amy Nickell","","","","","X Factor’s Honey G ‘killed’ by online hoax","https://uk.yahoo.com/news/x-factors-honey-g-killed-by-online-hoax-111251407.html","X Factor star Honey G found herself the target of an online hoax after it was claimed that the singer had been killed."
"https://www.yahoo.com/","https://s.yimg.com/g/images/spaceball.gif","Celebrities pay tribute to actor Robert Vaughn who has died aged 83","https://uk.yahoo.com/news/celebrities-pay-tribute-actor-robert-190424184.html","news","SNAPPA Celebrity","","","","","Celebrities pay tribute to actor Robert Vaughn who has died aged 83","https://uk.yahoo.com/news/celebrities-pay-tribute-actor-robert-190424184.html","The accolades have rolled in."
"https://www.yahoo.com/","https://s.yimg.com/g/images/spaceball.gif","Watch This Mom Dancing at a Basketball Game, Srsly","https://uk.yahoo.com/news/watch-mom-dancing-basketball-game-173301456.html","celebrity","Cosmopolitan","","","","","Watch This Mom Dancing at a Basketball Game, Srsly","https://uk.yahoo.com/news/watch-mom-dancing-basketball-game-173301456.html","""Look *son, I can dougie!"""
"https://www.yahoo.com/","https://s.yimg.com/g/images/spaceball.gif","Billy Bob Thornton: I didn't feel good enough for Angelina Jolie","https://uk.yahoo.com/news/billy-bob-thornton-didnt-feel-144044815.html","news","SNAPPA Celebrity","","","","","Billy Bob Thornton: I didn't feel good enough for Angelina Jolie","https://uk.yahoo.com/news/billy-bob-thornton-didnt-feel-144044815.html","The couple were married between 2000 and 2003."
"https://www.yahoo.com/","https://s.yimg.com/g/images/spaceball.gif","iOS 10 Hidden Feature: Unlock your iPhone without a click","https://uk.yahoo.com/finance/news/ios-10-hidden-feature-unlock-your-iphone-without-a-click-190947221.html","finance","Yahoo Finance Video","","","","","iOS 10 Hidden Feature: Unlock your iPhone without a click","https://uk.yahoo.com/finance/news/ios-10-hidden-feature-unlock-your-iphone-without-a-click-190947221.html","When Apple released iOS 10, the latest system software for the iPhone/iPad, it made a big deal out of the major features, like a redesigned Music app and contextual predictions in autocorrect. Today, I’m happy to present another of the best iOS 10 features that Apple forgot to mention. In iOS 10, you get an extra efficiency when it comes to waking up your phone: You can eliminate the requirement to click the Home button to advance to the Home screen."
